Topic,Keywords,TargetAudience,Status,Priority,PublishDate,Slug,UA_URL,EN_URL,Tags,ReadingTime
"Ера автономних агентів: n8n воркфлоу","n8n automation, ai marketing","Solo Founders","idea","High","2026-04-15","autonomous-marketing-agents","/blog/autonomous-marketing-agents","/en/blog/autonomous-marketing-agents","#Automation, #AI","12"
"Стек Одного розробника 2026","solo developer stack, micro-saas","Dev-Founders","idea","High","2026-04-20","solo-developer-stack-2026","/blog/solo-developer-stack-2026","/en/blog/solo-developer-stack-2026","#SaaS, #SoloDev","15"
"GEO vs SEO: новий стандарт","GEO vs SEO, ai search","Founders","idea","Critical","2026-04-25","geo-optimization-guide","/blog/geo-optimization-guide","/en/blog/geo-optimization-guide","#SEO, #GEO","10"
"Digital Identity експерта","personal brand, ai authority","Experts","idea","Medium","2026-04-30","ai-expert-branding","/blog/ai-expert-branding","/en/blog/ai-expert-branding","#Branding, #Authority","8"
"Автоматизація OLX: боти на ШІ","automation bots, olx bot","Entrepreneurs","idea","Medium","2026-05-05","passive-income-ai-bots","/blog/passive-income-ai-bots","/en/blog/passive-income-ai-bots","#Bots, #Income","14"
"Claude 3.5 Sonnet vs GPT-5","claude vs gpt coding","Developers","idea","High","2026-05-10","claude-vs-gpt-coding-2026","/blog/claude-vs-gpt-coding-2026","/en/blog/claude-vs-gpt-coding-2026","#Coding, #Claude","11"
"Управління 10 проєктами без команди","multi-project, ai delegation","Multi-founders","idea","High","2026-05-15","managing-multi-projects-ai","/blog/managing-multi-projects-ai","/en/blog/managing-multi-projects-ai","#Productivity","9"
"Майбутнє IT-аутсорсингу","ukraine it outsourcing, ai agency","IT CEOs","idea","Medium","2026-05-20","future-ua-it-outsourcing","/blog/future-ua-it-outsourcing","/en/blog/future-ua-it-outsourcing","#BusinessUA","13"
"Автономний YouTube-канал","ai video production, heygen","Creators","idea","Low","2026-05-25","autonomous-youtube-production","/blog/autonomous-youtube-production","/en/blog/autonomous-youtube-production","#Video, #AI","7"
"Психологія соло-підприємця","burnout, mindset ai era","Founders","idea","Medium","2026-06-01","mindset-for-solo-founders","/blog/mindset-for-solo-founders","/en/blog/mindset-for-solo-founders","#Mindset","10"
